{"noiseKey":{"private":{"type":"Buffer","data":"yDMHb0s8UCgc2hLB1w2LYiRCMElEIHzhzJ+/rGE/BlY="},"public":{"type":"Buffer","data":"e9QIVWecEwPJGLEpaltlA9l94jK+zrrpedEsap08owE="}},"pairingEphemeralKeyPair":{"private":{"type":"Buffer","data":"AIiT7L6eyv4Cuv+hN3DV1PPqWEIp48u1/MIK251uH1k="},"public":{"type":"Buffer","data":"SxIoPhZA0jrisT3oRCGbBqaJpuT6ydOhs0JNUFsas1I="}},"signedIdentityKey":{"private":{"type":"Buffer","data":"QB4Lck5ucGNjKv7cWdXd/I+ftk17XuX4srKyhXlud0M="},"public":{"type":"Buffer","data":"iE2zIlANrXigpfnlkfpZvCT1QyYdqB3Zg/jLQifb4Eo="}},"signedPreKey":{"keyPair":{"private":{"type":"Buffer","data":"kGRlD5dzVMomJsbROlkAjtTmcWn3mfV/Sbqr+jBbQmI="},"public":{"type":"Buffer","data":"BTVGpEksuBnSPZEYD5IvV63dXTyylMZ/d3MJXizuZSs="}},"signature":{"type":"Buffer","data":"NkJRvPwnNOJr+T2mpMCMX+n4DKL9JgUhJUAFr+e9K77S+pTvlSZ8pQz+o4K1Y94jNOAQu3fwdl9nUlcOwASUgQ=="},"keyId":1},"registrationId":192,"advSecretKey":"jpVbQmVokuHjFXG2Y9tQ92OPfbbm9JsnXX/Y9Ek78Ps=","processedHistoryMessages":[{"key":{"remoteJid":"573161407118@s.whatsapp.net","fromMe":true,"id":"1829C639965FFA3F0437D11307B777FF"},"messageTimestamp":1693152482},{"key":{"remoteJid":"573161407118@s.whatsapp.net","fromMe":true,"id":"F70C63DC4B27B9C3AA0520F925A3FD0B"},"messageTimestamp":1693152485},{"key":{"remoteJid":"573161407118@s.whatsapp.net","fromMe":true,"id":"C10CE55E0C37A1A1A7DB5671B9E26BA5"},"messageTimestamp":1693152538},{"key":{"remoteJid":"573161407118@s.whatsapp.net","fromMe":true,"id":"FD9B21454FE9600F14CEB0741BF0CD47"},"messageTimestamp":1693152542},{"key":{"remoteJid":"573161407118@s.whatsapp.net","fromMe":true,"id":"4858E5938D3A4FFC6920231DF507CCA6"},"messageTimestamp":1693152615},{"key":{"remoteJid":"573161407118@s.whatsapp.net","fromMe":true,"id":"E043164E5614038F1A514EE7BA14977A"},"messageTimestamp":1693152627},{"key":{"remoteJid":"573161407118@s.whatsapp.net","fromMe":true,"id":"AE02191D378B73767F6441F16C3613B0"},"messageTimestamp":1693152796},{"key":{"remoteJid":"573161407118@s.whatsapp.net","fromMe":true,"id":"0D175B74C1F369FA3246C647B973D3A3"},"messageTimestamp":1693152808},{"key":{"remoteJid":"573161407118@s.whatsapp.net","fromMe":true,"id":"56880444901A605F282E62AAC0820D2E"},"messageTimestamp":1693152816},{"key":{"remoteJid":"573161407118@s.whatsapp.net","fromMe":true,"id":"4B72E83E6212D2F5974A6FC605220134"},"messageTimestamp":1693152874},{"key":{"remoteJid":"573161407118@s.whatsapp.net","fromMe":true,"id":"2F80DF304C3763A1F7EB3B45AFCEB154"},"messageTimestamp":1693152987},{"key":{"remoteJid":"573161407118@s.whatsapp.net","fromMe":true,"id":"8D2BC97FA8C431C23775FE1C7F8779AB"},"messageTimestamp":1693152994},{"key":{"remoteJid":"573161407118@s.whatsapp.net","fromMe":true,"id":"522D13312C232C753A1079C300C22EC4"},"messageTimestamp":1693153000},{"key":{"remoteJid":"573161407118@s.whatsapp.net","fromMe":true,"id":"601563398A83F6A022F453ED5D09C039"},"messageTimestamp":1693153005},{"key":{"remoteJid":"573161407118@s.whatsapp.net","fromMe":true,"id":"2CBB723D7DED92F8687BF6A7D0406153"},"messageTimestamp":1693153010},{"key":{"remoteJid":"573161407118@s.whatsapp.net","fromMe":true,"id":"572B87A532174D3A31CECB01A21CB612"},"messageTimestamp":1693153010},{"key":{"remoteJid":"573161407118@s.whatsapp.net","fromMe":true,"id":"109F54E456274BC16D80FBBBB36AE1C7"},"messageTimestamp":1693153010}],"nextPreKeyId":32,"firstUnuploadedPreKeyId":32,"accountSyncCounter":1,"accountSettings":{"unarchiveChats":false},"deviceId":"NdkQ2H_9QoqsKPetaRZp_w","phoneId":"a31de1a0-9b6c-4345-b33c-9845aa1f2f74","identityId":{"type":"Buffer","data":"lG7wEcFvw2aMlOwFmRmuAI3C128="},"registered":false,"backupToken":{"type":"Buffer","data":"fhZABX2TBfBu1R3N+bIvShXGmOU="},"registration":{},"account":{"details":"CKmXo78GENvpracGGAI=","accountSignatureKey":"WjdOxn64gRlmgy8iTKGZbdVtWEaAJ/n25WTnj5PGj2Q=","accountSignature":"4ttFHawJ4+X0XCZLLxso0bL89Wjz6GtzbGYrZGJm8daDTlcmIiiSZGAwwZILFBrYSpRHq53zEEA6qXaqbRBVBQ==","deviceSignature":"U7Df1nOebXvq/NOiFdxPBx5PPnatem1gsYclbXYm3hfMz6Rn04bLeTyI7+/XhCqWspt5eVlsKPkDIxD+w5usgA=="},"me":{"id":"573161407118:38@s.whatsapp.net","name":"𝐤𝐢𝐦 𝐃𝐚𝐧"},"signalIdentities":[{"identifier":{"name":"573161407118:38@s.whatsapp.net","deviceId":0},"identifierKey":{"type":"Buffer","data":"BVo3TsZ+uIEZZoMvIkyhmW3VbVhGgCf59uVk54+Txo9k"}}],"platform":"smba","lastAccountSyncTimestamp":1693152480,"myAppStateKeyId":"AAAAAICY"}